order_id,order_date,customer_id,channel,country,items,order_value,discount,is_return
8279822,2025-12-17,46273,mobile,AU,3,26.176638557547893,0.21370419923783746,0
8279823,2025-12-17,41048,mobile,US,4,47.588487418407254,0.1291096621312408,0
8279824,2025-12-17,37309,web,DE,4,23.13655360595834,0.4897022049738716,1
8279825,2025-12-17,5335,mobile,AU,3,45.069911217655445,0.13464110377890331,1
8279826,2025-12-17,36964,mobile,US,4,33.21239177383251,0.07589352108105106,0
8279827,2025-12-17,38143,mobile,US,2,15.406552774356289,0.31856192770412756,0
8279828,2025-12-17,29872,mobile,CA,4,45.33307503605696,0.14983820659568445,0
8279829,2025-12-17,46507,partner,US,4,48.48044424585788,0.2198603705927971,1
8279830,2025-12-17,3684,mobile,CA,5,32.29762629235844,0.24281660981111136,0
8279831,2025-12-17,49049,mobile,US,3,33.131926723359406,0.3019086364580295,0
8279832,2025-12-17,12528,mobile,US,5,49.54619943723954,0.19718459483920966,0
8279833,2025-12-17,24382,web,US,3,43.25676541173578,0.6058172598079091,1
8279834,2025-12-17,9232,mobile,US,4,23.381353797396443,0.4942787985265993,0
8279835,2025-12-17,14218,web,US,1,54.385479045445855,0.2064045776660213,1
8279836,2025-12-17,14684,web,AU,2,156.8031977362886,0.11051653004186288,0
8279837,2025-12-17,45812,mobile,US,5,26.481522809274143,0.16974166455884138,0
8279838,2025-12-17,27810,web,GB,8,19.997461227386083,0.2848075499566334,0
8279839,2025-12-17,4306,mobile,US,3,42.078232439903616,0.12335765193771966,0
8279840,2025-12-17,39493,web,US,5,16.024727599686084,0.22284457347967987,0
8279841,2025-12-17,13287,store,DE,3,44.481337849970906,0.02972822925284217,0
8279842,2025-12-17,1929,web,US,4,42.24474075293618,0.07120416034852195,0
8279843,2025-12-17,10672,partner,US,5,26.617691798534494,0.18413882297185907,0
8279844,2025-12-17,9122,web,US,5,48.38102184253106,0.2155056288231347,0
8279845,2025-12-17,42095,mobile,US,4,51.57824844140275,0.20157595989411223,0
8279846,2025-12-17,1386,mobile,US,2,20.527146990859134,0.17005756238303726,0
8279847,2025-12-17,1293,mobile,CA,2,73.2479434540248,0.4320686528404391,0
8279848,2025-12-17,19154,web,US,2,60.297582553426466,0.182630826215497,0
8279849,2025-12-17,3892,mobile,US,4,44.806950639190596,0.28345418949454865,0
8279850,2025-12-17,24231,mobile,US,3,40.703919798977125,0.3797624106045313,0
8279851,2025-12-17,13129,store,US,4,74.8490742663027,0.3009632800811436,0
8279852,2025-12-17,26868,mobile,US,3,34.40246023509206,0.24362007023946747,0
8279853,2025-12-17,30597,mobile,US,4,45.7429934587326,0.1528998938317599,0
8279854,2025-12-17,44761,mobile,US,4,36.04118433399041,,0
8279855,2025-12-17,6898,mobile,US,4,22.18290816938286,0.15939187672311078,0
8279856,2025-12-17,22534,mobile,US,1,46.486236826634645,0.1749420510947044,0
8279857,2025-12-17,45419,web,US,4,66.12198569952588,0.13712195540098943,0
8279858,2025-12-17,12885,mobile,CA,2,81.46799918073337,0.21878060418908912,0
8279859,2025-12-17,18253,mobile,AU,4,38.48333407823949,0.027249473321823404,0
8279860,2025-12-17,6896,web,US,5,19.292895229433608,0.4647540764284343,0
8279861,2025-12-17,37517,mobile,US,6,28.11975784015698,0.06238814597614716,0
8279862,2025-12-17,13918,web,US,2,123.49211471719437,0.4583620506591345,0
8279863,2025-12-17,813,mobile,CA,2,36.89213692535015,0.2879959887118022,0
8279864,2025-12-17,2336,store,DE,3,75.02181803903606,0.0637568706419753,0
8279865,2025-12-17,36703,mobile,US,4,18.796450267865765,0.19519901057390038,0
8279866,2025-12-17,19872,web,GB,2,46.20442024864594,0.39030526514922953,0
8279867,2025-12-17,45987,partner,US,4,31.276023179111952,0.28834129063969494,0
8279868,2025-12-17,1389,web,GB,2,72.58680773501388,0.38877131668750287,0
8279869,2025-12-17,27166,mobile,US,3,40.058074106490146,0.15275398018264083,0
8279870,2025-12-17,18624,mobile,US,5,54.38670132931344,0.22799621585536342,1
8279871,2025-12-17,21727,web,US,3,50.29295094743913,0.2535970184251176,0
8279872,2025-12-17,20404,partner,DE,4,65.36017252316796,0.024699130759863297,0
8279873,2025-12-17,34885,web,US,3,25.75393165320131,0.20786783706731204,0
8279874,2025-12-17,36533,store,DE,3,25.20802758494689,0.08411834598448832,0
8279875,2025-12-17,5702,web,US,2,43.856105705618035,0.2923488558379549,0
8279876,2025-12-17,34078,partner,DE,4,28.037517915191163,0.12121024140146444,0
8279877,2025-12-17,11748,web,GB,4,28.43709819891332,0.15547771847502356,0
8279878,2025-12-17,2413,web,US,7,78.25670852227927,,0
8279879,2025-12-17,12428,partner,US,2,38.25153847499934,0.18730474388102875,0
8279880,2025-12-17,35289,mobile,US,-1,30.098783343745023,0.2279635766954241,0
8279881,2025-12-17,48317,web,GB,3,23.913680828555627,0.5244260829938119,0
8279882,2025-12-17,12124,mobile,AU,4,31.2261293813989,0.34245085259098546,0
8279883,2025-12-17,16464,mobile,US,2,23.967337390953507,0.0603094901741467,0
8279884,2025-12-17,2471,mobile,US,2,36.12857366582618,0.027791208340439653,0
8279885,2025-12-17,6818,mobile,CA,4,20.018731298021496,0.13185563723342994,0
8279886,2025-12-17,7261,web,US,1,30.052201227155948,0.05071958957930401,0
8279887,2025-12-17,31807,web,US,3,56.99766723225085,0.09386273160945335,0
8279888,2025-12-17,7660,mobile,GB,6,29.56727721343425,0.25861965379017676,0
8279889,2025-12-17,32894,web,US,2,46.02380936655973,0.39709090500385813,0
8279890,2025-12-17,38436,web,US,4,32.00526571058878,0.3678818211097873,1
8279891,2025-12-17,33324,web,US,5,30.92238528664149,0.0939578650158258,0
8279892,2025-12-17,31546,mobile,CA,2,42.10426079609946,0.31136787741286487,0
8279893,2025-12-17,41970,mobile,GB,6,91.82913912597716,0.40387154478563947,0
8279894,2025-12-17,40579,mobile,US,1,27.577329016810197,0.11113020780812302,0
8279895,2025-12-17,30506,web,CA,3,143.61011183893294,0.3166338352898736,0
8279896,2025-12-17,10091,mobile,US,3,25.263007418774578,0.36805665248766667,0
8279897,2025-12-17,19973,store,GB,9,43.688536439995154,0.04623680014447983,0
8279898,2025-12-17,39853,mobile,AU,2,19.20876151987709,0.5342056481186825,0
8279899,2025-12-17,3576,mobile,US,4,78.9631811570678,0.13433947632798093,1
8279900,2025-12-17,46435,mobile,US,6,13.993062910639754,,0
8279901,2025-12-17,3819,web,US,3,50.751843459963496,0.10329141454847778,0
8279902,2025-12-17,5893,mobile,GB,5,68.28281147572537,0.15677087882630836,0
8279903,2025-12-17,23790,mobile,US,3,32.89046549769803,,1
8279904,2025-12-17,47301,partner,GB,3,25.739186083663867,0.3732185266215719,0
8279905,2025-12-17,15880,web,DE,1,69.26935307667374,0.11180433376289377,0
8279906,2025-12-17,29639,mobile,GB,2,55.492046994876496,0.5430527045414499,0
8279907,2025-12-17,15094,mobile,US,3,105.75633588135717,0.28012448971534987,0
8279908,2025-12-17,8986,store,US,5,32.63846637676533,0.26862514097269885,0
8279909,2025-12-17,43777,mobile,CA,2,30.225478619946678,0.2479664732544627,0
8279910,2025-12-17,8837,web,CA,4,60.78980353901786,0.2666455366023858,0
8279911,2025-12-17,5920,mobile,US,3,162.5796408140733,0.2028122150100317,0
8279912,2025-12-17,33345,web,US,5,58.794318115903465,0.2820225154402301,0
8279913,2025-12-17,29502,web,GB,7,29.507484838930182,0.15144960190758927,0
8279914,2025-12-17,24328,mobile,US,3,81.22081593325623,0.036496581968616854,0
8279915,2025-12-17,40374,store,CA,4,25.74475069663569,0.20503216270511165,0
8279916,2025-12-17,19587,web,US,7,36.17259088947314,0.16892052747313413,0
8279917,2025-12-17,4174,mobile,US,4,38.83784449898799,0.550253489726574,0
8279918,2025-12-17,431,web,US,5,29.15236003675314,0.3853900324546832,1
8279919,2025-12-17,26109,mobile,CA,2,33.280569738115005,0.13822140499630728,0
8279920,2025-12-17,27091,web,US,3,109.33867827185217,0.3070361419591292,0
8279921,2025-12-17,4548,web,GB,3,92.19458635197063,0.13099285099394564,0
8279922,2025-12-17,18103,mobile,AU,5,33.799047621980456,0.5102005012341784,0
8279923,2025-12-17,34805,partner,US,2,120.99795977638561,0.30012617172003375,0
8279924,2025-12-17,418,web,GB,4,27.860657044159385,0.1847906378863803,0
8279925,2025-12-17,19049,web,US,3,17.44316491637331,0.28172060947337163,0
8279926,2025-12-17,24608,partner,US,3,71.76848473398049,0.11541333986140191,0
8279927,2025-12-17,42622,mobile,US,5,44.475847129943986,0.05481390976527024,0
8279928,2025-12-17,36633,web,US,3,66.30104437141804,0.13071128516317077,0
8279929,2025-12-17,898,store,AU,7,100.84938034928888,0.1988593635773732,0
8279930,2025-12-17,39372,mobile,US,4,75.77583232554706,0.23462194516619292,0
8279931,2025-12-17,42988,partner,US,4,24.431361805522567,0.12106963714373827,0
8279932,2025-12-17,832,web,US,2,90.5363796654835,0.09473026279424995,0
8279933,2025-12-17,33396,web,US,7,20.505219524294326,0.0738034999304552,0
8279934,2025-12-17,48425,partner,US,5,20.394000417344625,0.07420122051481348,0
8279935,2025-12-17,31461,mobile,US,3,42.585794252202035,0.2876112506154596,0
8279936,2025-12-17,4133,web,GB,4,30.542230409085377,0.0278332299784376,0
8279937,2025-12-17,44289,partner,US,7,63.68420386564734,0.3037334772092161,0
8279938,2025-12-17,11252,mobile,US,2,53.642423334424016,0.11066206879606802,0
8279939,2025-12-17,7615,mobile,US,5,24.981636548769984,0.24307977530659225,0
8279940,2025-12-17,45324,mobile,US,4,17.994818020420446,0.2009778253537803,0
8279941,2025-12-17,15061,web,US,4,18.7655593905454,0.023476566690215323,0
8279942,2025-12-17,45561,mobile,US,4,34.98533969324139,0.045924558480523396,0
8279943,2025-12-17,4950,store,US,3,76.4032574390553,0.07485010463021004,0
8279944,2025-12-17,3994,mobile,US,2,75.61725913025444,0.10297701952497029,0
8279945,2025-12-17,29390,web,US,7,19.8293553307904,0.29985285991540966,0
8279946,2025-12-17,30697,mobile,US,3,22.396436001468466,0.2145958150686447,1
8279947,2025-12-17,44293,web,CA,2,41.73408665879224,0.1938150166829757,0
8279948,2025-12-17,4250,web,GB,1,144.56328114161337,0.231428840938519,0
8279949,2025-12-17,12160,web,GB,2,54.51183501892945,0.15554802016740726,0
8279950,2025-12-17,8606,web,US,6,60.78208221146521,,0
8279951,2025-12-17,46448,web,CA,4,42.76590484016204,0.504150391094634,0
8279952,2025-12-17,4595,mobile,GB,5,68.84117084478123,0.16365447404610164,1
8279953,2025-12-17,33500,web,US,3,19.878207316750927,0.31074150628238406,0
8279954,2025-12-17,8450,mobile,DE,3,17.973832756461217,0.11545528814808989,0
8279955,2025-12-17,13074,mobile,AU,3,43.72963627901847,0.20322518819687804,0
8279956,2025-12-17,29246,web,US,9,37.63215132933417,0.12328308122117579,0
8279957,2025-12-17,32344,web,US,5,33.10079947210815,0.37490924553575977,0
8279958,2025-12-17,35252,mobile,US,2,39.12858081790222,0.1826462939775095,0
8279959,2025-12-17,39327,web,US,4,43.31401292622511,0.290772852655341,0
8279960,2025-12-17,27020,web,US,5,17.46347787205629,0.19901308126092507,0
8279961,2025-12-17,13836,partner,US,2,47.111465755284634,0.2657647780355818,0
8279962,2025-12-17,20868,mobile,US,5,27.2075941568146,0.20280150664901114,0
8279963,2025-12-17,9914,web,DE,3,25.008721567516243,0.1361747931304354,0
8279964,2025-12-17,21470,mobile,US,2,55.6869256785622,0.30490758415019875,0
8279965,2025-12-17,26297,store,US,4,32.12207138439035,0.26314237322785583,0
8279966,2025-12-17,35598,web,US,5,39.72794923847856,0.06505520777589682,0
8279967,2025-12-17,20809,web,CA,3,64.46141788327168,0.22508773044126767,0
8279968,2025-12-17,45858,web,US,7,67.15265115169926,0.26814959791795406,0
8279969,2025-12-17,7643,partner,US,5,34.402309558083964,0.06534438860634421,0
8279970,2025-12-17,19271,mobile,DE,8,47.44762061922017,0.29599444293788074,0
8279971,2025-12-17,8025,mobile,US,5,40.4163543655322,0.3329695561075586,0
8279972,2025-12-17,29833,web,US,7,71.7404093714938,0.05255160165450963,0
8279973,2025-12-17,16293,web,US,1,36.66922411589829,0.08403512947978811,0
8279974,2025-12-17,24134,mobile,US,2,60.52482963564103,0.14492643245444825,0
8279975,2025-12-17,12305,mobile,US,2,64.72158904259722,0.14575432034791283,0
8279976,2025-12-17,3001,mobile,US,1,44.728877662330895,0.2031213981361707,0
8279977,2025-12-17,23987,mobile,CA,4,61.26903559372443,0.036644432200005066,0
8279978,2025-12-17,36259,mobile,DE,3,15.604266475578603,0.09145433573981337,0
8279979,2025-12-17,26640,partner,AU,2,41.07041232511469,0.0681381233280317,0
8279980,2025-12-17,27920,partner,US,3,37.16552742158843,0.1555223852360989,0
8279981,2025-12-17,23198,mobile,US,6,30.33736602444978,0.19870993653987648,0
8279982,2025-12-17,1507,mobile,US,3,18.01009151424579,0.3470821856794032,0
8279983,2025-12-17,20010,web,US,4,49.38119450480279,0.19832467339465085,1
8279984,2025-12-17,42761,mobile,US,3,30.955634377539457,0.22925621042181293,0
8279985,2025-12-17,18647,web,US,2,79.17902539328833,0.0384040085956296,0
8279986,2025-12-17,49106,mobile,US,5,58.51262515081157,0.09318492382315832,0
8279987,2025-12-17,16352,web,US,5,19.354491841795408,0.13311419369375557,0
8279988,2025-12-17,34309,mobile,US,4,37.238168798151804,0.20004385147806555,0
8279989,2025-12-17,16953,web,US,2,27.028511803212808,0.14699816569254534,0
8279990,2025-12-17,31712,web,US,3,23.74281610103283,0.11747692304610226,0
8279991,2025-12-17,15133,mobile,US,2,9.353391065982297,0.24140381640506942,0
8279992,2025-12-17,32602,web,US,6,37.13068328511556,0.17186547158835305,0
8279993,2025-12-17,10088,web,US,3,46.35646959446747,0.22900828753659594,0
8279994,2025-12-17,1643,mobile,US,4,84.63658529954849,0.05425271675178549,0
8279995,2025-12-17,20255,partner,US,5,21.595857972906398,0.2386164198711714,0
8279996,2025-12-17,13785,mobile,GB,7,70.22459561413466,0.08259871287325984,1
8279997,2025-12-17,6639,mobile,AU,5,125.89331349027199,0.3388460265329011,0
8279998,2025-12-17,45902,partner,US,7,56.340981708763415,0.2395092567204491,0
8279999,2025-12-17,11665,web,US,4,8.44155981764587,0.2879603278494155,0
8280000,2025-12-17,40929,web,AU,5,20.582799445561506,0.4144736033992939,0
8280001,2025-12-17,48402,mobile,US,4,24.72537367771084,0.2799185216183403,0
8280002,2025-12-17,1044,partner,US,4,65.85849143788859,0.020008830562408188,0
8280003,2025-12-17,4238,mobile,US,3,51.63267132403736,0.06845222474121875,1
8280004,2025-12-17,6347,store,US,4,37.14020768332247,0.15143967753948356,0
8280005,2025-12-17,13164,web,GB,4,20.553435645855775,0.35280635211940753,0
8280006,2025-12-17,9627,web,US,5,44.610346460065784,0.19390466498611617,0
8280007,2025-12-17,5942,web,US,2,90.1905150282634,0.27719272045974297,0
8280008,2025-12-17,47726,mobile,US,3,17.606656802774292,0.4073231361461736,0
8280009,2025-12-17,30775,partner,AU,2,18.63582708453947,0.3454357233991949,0
8280010,2025-12-17,4582,partner,DE,2,37.26464548811401,0.06186847375495551,0
8280011,2025-12-17,25970,mobile,US,5,20.536272101287295,0.09974430576490326,0
8280012,2025-12-17,28096,partner,US,6,67.19514116230447,0.10675235049590755,0
8280013,2025-12-17,27859,mobile,US,5,40.21709063259415,0.23793823845993903,0
8280014,2025-12-17,45902,web,GB,3,62.75522546262521,0.2108024276230373,0
8280015,2025-12-17,8965,web,US,3,23.000233590205017,0.21296581422998692,0
8280016,2025-12-17,23607,mobile,US,3,16.237342115267293,0.12263741193480449,0
8280017,2025-12-17,42374,web,US,4,31.666884110234044,,0
8280018,2025-12-17,18603,mobile,CA,5,89.03942161163378,0.22705098476196964,0
8280019,2025-12-17,16706,web,GB,8,62.84654619314351,,0
8280020,2025-12-17,22362,mobile,US,6,60.63292678412352,0.21726834701921424,0
8280021,2025-12-17,49680,store,AU,5,111.93608540623096,0.15350805495752393,0
8280022,2025-12-17,21288,mobile,CA,3,20.38575112486752,0.17895486549479475,0
8280023,2025-12-17,11264,partner,US,2,25.14159028922838,0.5162436297342778,0
8280024,2025-12-17,7557,mobile,US,4,168.97810183775923,0.13418130086025049,0
8280025,2025-12-17,42704,web,US,2,81.41896883063532,0.09279973675186828,0
8280026,2025-12-17,30231,web,US,5,29.093876612383774,0.2872787358527205,0
8280027,2025-12-17,45935,mobile,US,6,18.953104652550103,0.07269311043579534,0
8280028,2025-12-17,14631,store,GB,3,58.925589184361165,0.1687818564430988,0
8280029,2025-12-17,14684,partner,US,3,24.619886780125597,0.14093201673347236,0
8280030,2025-12-17,41522,mobile,US,3,44.90956401868583,0.1088451380329128,0
8280031,2025-12-17,12188,web,GB,3,42.2297464694435,0.2529745857250092,0
8280032,2025-12-17,222,web,US,4,57.67757916431676,0.33382435305720315,0
8280033,2025-12-17,37302,mobile,US,3,20.54797259632656,0.1918479897720633,0
8280034,2025-12-17,1246,web,US,1,46.401246130411884,0.12686927237378456,0
8280035,2025-12-17,1812,store,US,5,47.0136323872782,0.3560765470884668,0
8280036,2025-12-17,3000,web,US,4,30.374273870280565,0.01916604667662488,0
8280037,2025-12-17,2294,partner,US,7,78.54378097504562,0.09650741768477247,1
8280038,2025-12-17,21292,mobile,US,2,71.54271784725667,,0
8280039,2025-12-17,12744,mobile,US,7,50.6851286024922,0.34067245675226615,0
8280040,2025-12-17,14409,mobile,DE,3,67.18110115930783,0.08892532914798755,0
8280041,2025-12-17,18922,web,US,5,21.136515056177497,0.25746643896900456,0
8280042,2025-12-17,27967,store,US,3,56.468074024424894,0.20059865270896432,0
8280043,2025-12-17,18438,web,US,2,56.672686952802835,0.19128986093453368,0
8280044,2025-12-17,23984,web,CA,3,36.02211390501205,0.4643106996252357,1
8280045,2025-12-17,43273,store,GB,6,42.62122075402617,0.17443282323953932,0
8280046,2025-12-17,16761,web,GB,5,98.2931749960614,0.09902436622992238,0
8280047,2025-12-17,22940,mobile,US,3,46.37359499795875,0.15247184210008705,0
8280048,2025-12-17,46907,mobile,US,1,45.42741558198195,0.37375548090568156,0
8280049,2025-12-17,17300,web,CA,3,69.28560383713223,0.18341669102478783,0
8280050,2025-12-17,3299,mobile,US,6,24.460512040171228,0.1258199164565697,0
8280051,2025-12-17,25846,store,US,2,35.81744851311833,0.29469530816062633,0
8280052,2025-12-17,26383,web,US,4,21.207802393804037,0.15132621532369722,0
8280053,2025-12-17,12499,mobile,CA,1,28.215465022479112,0.2568819095739443,0
8280054,2025-12-17,946,mobile,US,1,18.706958069387333,0.5603098703914489,0
8280055,2025-12-17,31970,partner,US,2,40.36728034549218,0.15543547473838665,0
8280056,2025-12-17,17377,mobile,US,4,51.96522132341291,0.17070512985699765,0
8280057,2025-12-17,23259,web,CA,2,78.44930501500336,0.3230586466402506,0
8280058,2025-12-17,5237,web,US,6,26.09019359925577,0.31082941418888743,1
8280059,2025-12-17,19516,mobile,US,2,34.61190718019571,0.23860349335075842,0
8280060,2025-12-17,23658,web,US,2,48.8204164810419,0.13608829094616343,0
8280061,2025-12-17,24492,web,CA,3,109.83792458341584,,0
8280062,2025-12-17,49794,partner,US,6,33.18208980705538,0.2766648344820765,0
8280063,2025-12-17,29150,store,CA,3,39.811227210899204,0.4509759910051997,0
8280064,2025-12-17,11846,mobile,US,3,48.055695022263436,0.04030471330014334,0
8280065,2025-12-17,20559,mobile,DE,6,22.1455312928582,0.04377779260124992,0
8280066,2025-12-17,16688,partner,AU,5,21.013515992487346,0.16124902458780166,0
8280067,2025-12-17,453,mobile,US,1,90.45943700845115,0.09308341569031703,0
8280068,2025-12-17,35051,mobile,US,3,21.65842912364562,0.2486451554487213,0
8280069,2025-12-17,36143,mobile,AU,4,33.90628048938368,0.08497100309593343,0
8280070,2025-12-17,46688,web,GB,3,23.725338746329086,0.14572975122761167,0
8280071,2025-12-17,21811,mobile,AU,3,39.97277576464022,0.6858700213555007,0
8280072,2025-12-17,31413,mobile,US,2,74.54792936693394,0.2938300776104294,0
8280073,2025-12-17,4113,partner,US,7,52.532332551661916,0.1709984750678214,1
8280074,2025-12-17,2828,mobile,GB,5,95.80955677134243,0.08824139064216227,0
8280075,2025-12-17,28914,web,US,1,39.98685726705462,0.1753946299444061,0
8280076,2025-12-17,40681,mobile,US,5,44.39796176141902,0.10343682316170369,0
8280077,2025-12-17,22216,mobile,AU,3,53.37245914865704,0.2021559931419657,0
8280078,2025-12-17,1677,mobile,CA,1,55.1096501840955,0.24038221893987324,0
8280079,2025-12-17,30150,partner,US,4,26.44331271829594,0.2604199153768122,1
8280080,2025-12-17,35217,mobile,CA,4,25.485204551142974,0.7073373730841418,0
8280081,2025-12-17,46164,store,DE,2,41.19038449122409,0.40161671698658036,0
8280082,2025-12-17,36480,mobile,US,8,27.321337603517996,0.1351234605700968,0
8280083,2025-12-17,21843,mobile,US,2,154.9087636022012,0.0874270810845638,0
8280084,2025-12-17,2818,partner,US,5,44.54605265448532,0.09795224469212141,0
8280085,2025-12-17,9929,store,US,5,49.95030699062741,0.07646717671620895,0
8280086,2025-12-17,21820,mobile,DE,4,27.569906491427595,0.33737711913060103,0
8280087,2025-12-17,15432,store,US,4,22.456892860477513,0.4555633502069651,0
8280088,2025-12-17,36749,mobile,US,3,28.62885086028198,0.19617834557775807,0
8280089,2025-12-17,28296,web,AU,4,15.588827360406711,0.04261661566788339,0
8280090,2025-12-17,5252,mobile,US,4,43.12240196166695,0.13878892277447877,0
8280091,2025-12-17,35699,web,GB,3,48.6966156487185,0.23993785884323574,0
8280092,2025-12-17,26464,mobile,US,4,61.51902618221757,,0
8280093,2025-12-17,33397,web,US,2,50.14030611932466,0.35328643588489844,0
8280094,2025-12-17,13493,web,US,7,92.2083156576417,0.3802633572737696,0
8280095,2025-12-17,30029,mobile,US,5,62.698870193842595,0.11263290552739542,0
8280096,2025-12-17,28242,web,US,3,44.238514914488,0.43602618741457677,0
8280097,2025-12-17,21623,mobile,US,3,67.80508072749102,0.42638671055696886,0
8280098,2025-12-17,6053,mobile,US,3,24.36536100292151,0.22841900355774503,0
8280099,2025-12-17,27458,web,US,2,61.61570138433095,0.22717722892107994,0
8280100,2025-12-17,8309,web,US,5,73.71776816121383,0.3448832875602726,0
8280101,2025-12-17,27366,web,US,6,34.504905674442114,0.30422539914049307,0
8280102,2025-12-17,12575,mobile,US,2,96.27873289545916,0.23827175221736216,0
8280103,2025-12-17,23753,mobile,US,6,26.818951126917135,0.21837432838067905,0
8280104,2025-12-17,13509,web,US,2,76.98758005716125,0.25560097027112993,0
8280105,2025-12-17,7347,partner,GB,4,13.107345380258371,,1
8280106,2025-12-17,48081,web,US,3,62.0465194414648,0.3594526270236834,0
8280107,2025-12-17,1516,web,US,3,27.051060881056802,0.14288537314764305,0
8280108,2025-12-17,26028,partner,AU,1,37.21584108783447,0.19318276759997163,0
8280109,2025-12-17,32263,web,GB,3,44.50304336667685,0.06731032406014703,0
8280110,2025-12-17,13706,web,AU,3,43.00272866440449,0.1412586403440923,1
8280111,2025-12-17,30174,mobile,US,4,45.70192300696838,0.1627197417537212,0
8280112,2025-12-17,9867,partner,US,4,63.59819109056774,0.547166600782741,0
8280113,2025-12-17,26312,web,US,6,38.04260486716531,0.3454439117490325,0
8280114,2025-12-17,21765,web,CA,3,59.17888780345107,0.24734709102880867,1
8280115,2025-12-17,10853,mobile,DE,2,30.14351211040644,0.3254204348250276,0
8280116,2025-12-17,15040,mobile,US,2,16.95085080038448,0.16770540039951287,0
8280117,2025-12-17,30531,store,US,5,89.69926920364185,0.49721629942078444,0
8280118,2025-12-17,36767,mobile,DE,4,59.188378023716375,0.5244311167191728,0
8280119,2025-12-17,40507,mobile,AU,7,37.39470740344022,0.04866019494640114,0
8280120,2025-12-17,43704,web,AU,3,46.332730340561675,0.20177660273618347,0
8280121,2025-12-17,44200,partner,US,5,56.766848421709334,0.2832983781658348,1
8280122,2025-12-17,23900,store,US,3,48.484421155208636,0.5966936920592799,1
8280123,2025-12-17,36175,mobile,GB,4,31.995404741539286,0.24359870618679597,0
8280124,2025-12-17,37687,partner,CA,4,18.053603483949484,0.2713449397487884,0
8280125,2025-12-17,7520,partner,AU,5,77.77738401016289,0.08751782647269477,0
8280126,2025-12-17,43816,mobile,US,4,22.13048472277766,0.21033401252130254,0
8280127,2025-12-17,35351,store,GB,4,45.470946252523134,,0
8280128,2025-12-17,20383,web,US,5,30.382203673989064,0.18538843856869885,0
8280129,2025-12-17,17500,web,US,4,46.419574685106205,0.2669326489211127,0
8280130,2025-12-17,5254,web,US,7,40.463631095892765,0.19142755761051614,0
8280131,2025-12-17,47828,partner,US,3,34.7236612364097,0.41253993296245567,0
8280132,2025-12-17,38484,web,DE,5,27.64405283071567,0.21806030153739067,0
8280133,2025-12-17,44297,web,US,1,32.67348700327822,0.2717210265769879,0
8280134,2025-12-17,36368,web,US,4,35.698448416845956,0.07720287978267079,0
8280135,2025-12-17,25225,mobile,DE,3,53.19617097883101,0.3231245557950732,0
8280136,2025-12-17,7616,partner,US,3,79.58096634958089,0.0970991710944978,0
8280137,2025-12-17,43782,web,CA,4,11.752989036533748,0.15307638389202294,0
8280138,2025-12-17,39938,mobile,US,2,75.0008943112911,0.1170830569531764,0
8280139,2025-12-17,46689,mobile,AU,8,35.063454667764354,0.22148685280541286,0
8280140,2025-12-17,29246,web,US,1,38.97695443681328,0.11014899228748075,0
8280141,2025-12-17,22006,store,US,3,36.313916512738444,0.37989031739468737,0
8280142,2025-12-17,3508,store,DE,2,140.57256710294976,0.13015777907354104,0
8280143,2025-12-17,7582,partner,US,4,32.289371422354286,,0
8280144,2025-12-17,3818,partner,US,3,29.714363839818642,0.04089655553710098,0
8280145,2025-12-17,18951,mobile,US,3,34.38108262202986,0.21081786422045382,0
8280146,2025-12-17,32449,mobile,GB,1,24.900424349132532,0.1693157270103164,0
8280147,2025-12-17,48915,mobile,US,2,12.83834558099262,0.2164268984904601,0
8280148,2025-12-17,35191,mobile,US,3,44.65770924459662,0.07495256246160781,0
8280149,2025-12-17,21802,mobile,US,3,30.619555832115555,0.08579541454326284,0
8280150,2025-12-17,5314,mobile,AU,7,28.962062558013443,0.14808816847588363,0
8280151,2025-12-17,20250,partner,US,6,24.382265905171764,0.18303307711370903,0
8280152,2025-12-17,5245,mobile,US,3,47.695804639280055,0.05842469853653,0
8280153,2025-12-17,6189,mobile,US,3,57.06725923590538,0.32678364042170294,0
8280154,2025-12-17,25458,web,US,3,36.19761202746851,0.2953375042062027,0
8280155,2025-12-17,25853,mobile,GB,2,65.38107231173264,0.06400658035162271,1
8280156,2025-12-17,4788,partner,GB,3,30.832502797554493,0.40510639335128446,0
8280157,2025-12-17,35141,web,US,3,39.187646669070716,0.08981116041254403,0
8280158,2025-12-17,24,web,AU,6,17.453173817017564,0.15664535792608575,0
8280159,2025-12-17,5050,mobile,US,6,61.41116198935361,0.059016186337900706,0
8280160,2025-12-17,8503,mobile,US,6,15.754595775976988,0.3182991008173679,0
8280161,2025-12-17,25942,mobile,US,6,85.5133287164933,0.2670526193290364,0
8280162,2025-12-17,12257,mobile,US,5,28.9762896006782,0.25125085335688047,0
8280163,2025-12-17,26391,mobile,AU,5,40.770432701140926,0.4874317415052294,0
8280164,2025-12-17,35879,web,CA,3,49.87107372589663,0.18887085630454356,0
8280165,2025-12-17,48359,mobile,US,5,15.874122577619861,0.23414770929404718,1
8280166,2025-12-17,8956,store,US,2,22.266129312603525,0.11665826220847615,0
8280167,2025-12-17,41131,mobile,US,3,109.08836440331797,0.19085077875845788,0
8280168,2025-12-17,43570,store,US,1,55.92226410509844,0.22773400722774184,0
8280169,2025-12-17,30692,partner,AU,1,46.803581519222035,0.2276901170275838,0
8280170,2025-12-17,19250,mobile,US,4,22.915951163091275,,0
8280171,2025-12-17,29181,web,CA,3,25.233699134284144,0.1925227715393744,0
8280172,2025-12-17,31222,mobile,DE,3,72.6868055075436,0.29807037685939486,0
8280173,2025-12-17,39300,store,US,5,16.809112743402434,0.3350626845707036,0
8280174,2025-12-17,11648,mobile,DE,3,35.80256117166523,0.21375315192440944,0
8280175,2025-12-17,47430,partner,US,2,42.168643518190095,0.23719798922462945,0
8280176,2025-12-17,21481,web,DE,3,29.774403515246682,0.21379704259837648,0
8280177,2025-12-17,36016,web,US,5,15.363559758131748,0.24136828430178464,0
8280178,2025-12-17,28815,mobile,US,5,16.944492659038474,0.05472403556979751,0
8280179,2025-12-17,29973,partner,CA,3,192.94974729598022,0.4251683410626674,1
8280180,2025-12-17,42883,web,US,1,41.024694386278334,0.09278231743414785,0
8280181,2025-12-17,9042,mobile,US,1,42.05854953079494,0.49721295270088767,0
8280182,2025-12-17,25517,mobile,US,3,46.11597172881499,0.18850246721287087,0
8280183,2025-12-17,47612,web,DE,2,80.02223759875721,0.15519453039914138,0
8280184,2025-12-17,39705,web,US,5,55.409318198460774,0.3176765321278437,0
8280185,2025-12-17,32479,web,US,4,51.241367266696635,0.16394354970349703,0
8280186,2025-12-17,31643,mobile,GB,4,22.11792142628175,0.14943044041867093,0
8280187,2025-12-17,9850,partner,US,3,26.14518616747199,0.0602399425116376,0
8280188,2025-12-17,37721,mobile,CA,4,23.29959498284445,0.06305680664786015,0
8280189,2025-12-17,17829,store,US,1,136.63878715844024,0.16134503984559864,0
8280190,2025-12-17,45748,mobile,GB,4,66.97597441093897,0.2328970792344208,0
8280191,2025-12-17,38421,web,GB,-1,28.832768750426528,0.21905119965457193,0
8280192,2025-12-17,4862,web,US,6,30.03560883767967,0.4035711899052806,0
8280193,2025-12-17,40671,mobile,US,2,8.906994957316734,0.25412183810432265,0
8280194,2025-12-17,18435,web,US,5,15.425596696797571,0.23621045051338657,0
8280195,2025-12-17,44601,mobile,AU,4,64.84240200257561,0.4858593386174846,0
8280196,2025-12-17,561,partner,US,3,14.670393767131843,0.23274605049989266,0
8280197,2025-12-17,9260,web,US,7,72.56008499144023,0.18726870984181773,0
8280198,2025-12-17,16506,mobile,GB,2,39.32072712542386,0.03107790824684963,0
8280199,2025-12-17,9472,web,US,5,37.016670363109306,0.10988051798063916,0
8280200,2025-12-17,47957,partner,AU,3,20.959579462963454,0.05134226176350685,0
8280201,2025-12-17,32699,partner,AU,1,42.261960294529516,0.10263314888915766,0
8280202,2025-12-17,2414,web,US,4,41.07368459940242,0.12782649334727939,0
8280203,2025-12-17,41432,mobile,US,5,38.267693047643846,0.3461072136981632,0
8280204,2025-12-17,12978,partner,US,2,27.877219280520908,0.38059692800540995,0
8280205,2025-12-17,42269,store,GB,3,50.23601508475953,0.1051518628134795,0
8280206,2025-12-17,2987,partner,GB,3,132.6280191593524,0.1548200216654761,0
8280207,2025-12-17,49903,web,US,3,21.606653102986037,0.25109663259335563,1
8280208,2025-12-17,29577,partner,US,5,38.04732132955574,0.539519897120774,0
8280209,2025-12-17,17073,partner,DE,2,90.98945147248423,0.13051268254445264,0
8280210,2025-12-17,15837,web,US,3,46.14403868528478,0.10524521860083559,0
8280211,2025-12-17,27173,web,US,5,69.99259534361207,0.17196958739126675,0
8280212,2025-12-17,11590,mobile,US,4,10.816687197236108,0.03702735872335407,0
8280213,2025-12-17,33260,web,DE,3,53.122024776550774,0.27840305240126884,0
8280214,2025-12-17,35064,mobile,DE,3,56.34337490459383,0.18206022317249937,0
8280215,2025-12-17,28092,web,US,4,46.198761584102364,0.5251911743315802,0
8280216,2025-12-17,48385,mobile,US,3,39.71642718480689,0.2672891585731208,0
8280217,2025-12-17,49745,partner,CA,1,19.963469379838287,0.16451879453224166,0
8280218,2025-12-17,37887,web,DE,5,43.171452860137116,0.1297780341426169,0
8280219,2025-12-17,41116,web,AU,3,18.383290000151593,0.27649573213686085,1
8280220,2025-12-17,45105,web,US,2,18.02769742508496,0.05260711609529789,0
8280221,2025-12-17,23230,web,US,5,28.43464366212031,0.2711152787144096,0
8280222,2025-12-17,41136,web,AU,2,63.47937073316256,0.16261719393867752,0
8280223,2025-12-17,2307,mobile,US,3,42.15903976806325,0.12089460412128689,0
8280224,2025-12-17,34176,web,US,5,56.854676277944556,0.08336398926264296,0
8280225,2025-12-17,36027,mobile,US,3,22.66447122598962,0.15403567456056258,0
8280226,2025-12-17,37619,mobile,US,4,44.810257903097515,0.04111989501275169,0
8280227,2025-12-17,43353,mobile,AU,4,72.76640207533697,,1
8280228,2025-12-17,34399,mobile,US,2,43.398100504107546,0.5499678688749621,0
8280229,2025-12-17,21328,mobile,US,8,80.62243159789428,0.09806716233785286,0
8280230,2025-12-17,41613,store,US,4,54.80921355859508,0.023228411108165127,0
8280231,2025-12-17,45011,mobile,US,4,48.31907124446053,0.07215526255230549,0
8280232,2025-12-17,36999,partner,GB,4,133.58525019262984,0.06313193046553964,0
8280233,2025-12-17,1922,web,US,2,113.66766104512334,0.05185427206614461,0
8280234,2025-12-17,4063,partner,US,1,32.03138873566248,0.10992370228608006,0
8280235,2025-12-17,49211,web,GB,3,25.41626523618821,0.20277962901828314,0
8280236,2025-12-17,12443,web,US,4,25.04154519908034,0.2898681571086475,0
8280237,2025-12-17,15381,web,US,4,75.61146778527966,0.15786332767879943,0
8280238,2025-12-17,23559,mobile,CA,4,83.93396549759424,0.25998531662426344,0
8280239,2025-12-17,45017,web,US,5,66.30345874000236,0.1686845452804419,0
8280240,2025-12-17,39997,mobile,US,1,40.00425026070755,0.1471387651805502,0
8280241,2025-12-17,14093,web,US,3,111.59538492417029,0.3361288864135831,0
8280242,2025-12-17,6869,store,US,3,63.98790709790104,0.3731270362991719,0
8280243,2025-12-17,2602,mobile,US,3,46.31341360725917,0.19966997687827295,0
8280244,2025-12-17,23350,mobile,US,4,33.78398507513312,0.4762242238042852,0
8280245,2025-12-17,15784,store,US,7,47.09455782820268,0.2489902963430483,0
8280246,2025-12-17,22361,partner,US,4,29.33117899996259,0.3587315945785456,0
8280247,2025-12-17,24572,mobile,US,3,81.15339413394567,0.1480798460549505,0
8280248,2025-12-17,39736,mobile,US,4,101.17203986477313,0.19644493753940181,0
8280249,2025-12-17,40480,store,DE,3,29.50689310653339,0.2934691614062702,0
8280250,2025-12-17,28550,web,US,3,286.20392137423715,0.318823917697035,0
8280251,2025-12-17,14464,store,US,6,24.767995673550924,0.1806996488774502,0
8280252,2025-12-17,21673,mobile,GB,6,26.713920407567343,0.16116176374442448,0
8280253,2025-12-17,42910,web,US,2,67.71517622332175,0.06477228136620161,0
8280254,2025-12-17,31672,mobile,AU,1,49.59073173634437,0.16381162159232207,0
8280255,2025-12-17,10863,web,DE,5,53.62698460680184,0.43054523126622696,0
8280256,2025-12-17,45449,mobile,US,5,37.65192128443464,0.35604281744361954,0
8280257,2025-12-17,35300,mobile,US,2,98.2801436246955,0.32272543476284987,0
8280258,2025-12-17,41454,partner,US,3,44.70977108818539,0.3249877153161447,0
8280259,2025-12-17,41300,mobile,US,3,60.100912730106714,0.38100404708646823,0
8280260,2025-12-17,41865,web,US,3,11.84859776692319,0.23490525108531582,0
8280261,2025-12-17,1009,web,US,4,33.7500852810965,0.24471294115126876,0
8280262,2025-12-17,11181,partner,US,2,80.59823870636849,0.056991830916600615,0
8280263,2025-12-17,1185,mobile,US,3,61.10270015200428,0.07247611208217888,0
8280264,2025-12-17,33518,mobile,US,6,29.5001453143909,0.04072822352574359,0
8280265,2025-12-17,42501,mobile,CA,3,27.694349348927098,0.02175031636562427,0
8280266,2025-12-17,18295,partner,CA,4,30.92076200459243,0.09483581991104889,0
8280267,2025-12-17,46314,mobile,CA,5,34.785566241738096,0.2684332573297448,0
8280268,2025-12-17,28185,web,DE,6,60.579818636394336,0.09596728643473686,0
8280269,2025-12-17,12818,partner,US,5,43.234801019643214,0.4492875118563283,0
8280270,2025-12-17,9418,mobile,US,4,106.52328994746102,0.23979447720199148,0
8280271,2025-12-17,2784,store,US,4,76.16816508624096,0.11429056908002981,0
8280272,2025-12-17,6388,web,US,4,63.13400506876225,0.6714983799688568,0
8280273,2025-12-17,35880,web,GB,4,50.45626594150482,0.1420761482629321,0
8280274,2025-12-17,24306,mobile,US,5,24.78372589651682,0.23637254836029195,0
8280275,2025-12-17,47134,web,US,7,36.032918883852545,0.39267042481847075,0
8280276,2025-12-17,33006,web,US,4,56.61923244966525,0.21055364736776,0
8280277,2025-12-17,8468,mobile,CA,3,39.392469367248225,0.23085156488193662,0
8280278,2025-12-17,5717,web,US,4,36.30441548714788,0.09980812908129104,0
8280279,2025-12-17,489,mobile,AU,3,29.487805284884804,0.09034145595021162,0
8280280,2025-12-17,45594,web,US,7,26.756168139199257,0.04750879382660412,0
8280281,2025-12-17,19789,partner,CA,5,31.28248180348312,0.3318395240172871,0
8280282,2025-12-17,21995,web,US,3,19.248905090730954,0.48188879591025224,1
8280283,2025-12-17,30194,mobile,US,5,10.959214069455653,0.3058574217954136,0
8280284,2025-12-17,21153,mobile,CA,3,29.903344667543955,0.0853234814051592,0
8280285,2025-12-17,28798,web,AU,5,63.7542045070297,0.29557857579549185,0
8280286,2025-12-17,12411,mobile,US,6,45.61142254394972,0.20334995123364927,0
8280287,2025-12-17,2997,store,AU,2,18.120010036094246,0.14638839106173224,1
8280288,2025-12-17,19361,mobile,DE,2,54.02887115167053,0.2794131916094613,0
8280289,2025-12-17,9531,web,US,1,38.853685041362255,0.31207985271320987,0
8280290,2025-12-17,17366,web,US,7,9.29919406654773,0.034341540365322186,0
8280291,2025-12-17,34175,mobile,US,6,25.67344431421004,0.07328209283789293,0
8280292,2025-12-17,22217,web,US,5,22.502292186948072,0.30172012857004693,1
8280293,2025-12-17,41649,mobile,AU,2,20.350242013201512,0.12973398364355213,0
8280294,2025-12-17,25412,store,US,2,59.489022691804394,0.16328347667321655,0
8280295,2025-12-17,29811,partner,US,4,34.10604246945031,0.21214704607325208,0
8280296,2025-12-17,13810,web,AU,3,56.50968125803648,0.4112208014269777,0
8280297,2025-12-17,45978,partner,GB,3,48.42448747942664,0.24512397024937024,0
8280298,2025-12-17,44843,partner,CA,3,47.82550230973272,0.1142387980189558,0
8280299,2025-12-17,31271,store,US,3,31.114877365800712,0.1294213761293878,0
8280300,2025-12-17,42467,web,US,3,35.192672313165474,0.18920594789510653,0
8280301,2025-12-17,41004,mobile,US,5,23.999638916524734,0.36542665835318267,0
8280302,2025-12-17,30486,mobile,US,3,73.32520368289917,0.21603267626013464,0
8280303,2025-12-17,33331,web,US,1,36.5435925933451,0.19446144671596013,0
8280304,2025-12-17,44122,mobile,DE,4,40.26965842994751,0.40882094992019014,0
8280305,2025-12-17,43914,mobile,CA,3,50.327526377560446,0.14514817904820942,0
8280306,2025-12-17,48892,web,CA,4,29.999582953451238,0.23821258077460136,0
8280307,2025-12-17,37900,web,US,3,48.245035610459084,0.5732419805191102,1
8280308,2025-12-17,45055,mobile,US,4,40.96455178196617,0.1264605585543476,1
8280309,2025-12-17,15235,web,US,3,97.05028671540657,0.22085599918689755,0
8280310,2025-12-17,28945,web,US,3,45.42886672062572,0.047861600595215895,0
8280311,2025-12-17,49077,mobile,US,5,24.535611950106965,0.06791719486650653,0
8280312,2025-12-17,7033,web,CA,3,13.884783515239846,0.21426150414992962,0
8280313,2025-12-17,28312,mobile,US,4,40.7434684053457,0.20079941133878257,0
8280314,2025-12-17,40133,store,CA,2,21.419096270923394,0.10411685757347582,0
8280315,2025-12-17,9716,mobile,AU,2,50.43865624066854,0.004318277577921429,0
8280316,2025-12-17,18308,web,US,3,24.854180010523017,0.10701996765881007,0
8280317,2025-12-17,33933,web,CA,3,84.65480669412226,0.277449954022732,0
8280318,2025-12-17,31439,web,CA,9,29.905708565376948,0.19756215247473502,1
8280319,2025-12-17,35093,mobile,US,3,40.410695376534036,,0
8280320,2025-12-17,9788,web,US,7,41.27405702741566,0.19775548328751896,0
8280321,2025-12-17,4706,web,AU,3,25.83061520145444,0.26500486084396274,0
